{"iterations": 1335, "colsample_bylevel": 0.05708517006079171, "depth": 7, "bootstrap_type": "MVS", "l2_leaf_reg": 8.013128799919556, "subsample": 0.37047197913858676, "scale_pos_weight": 0.1461985918319931, "random_strength": 0.8987760315315317, "learning_rate": 0.026172747585413186, "min_data_in_leaf": 7, "cat_features": ["employee_count_nm", "most_time_of_day__agg_user", "most_season_of_year__agg_user"], "boosting_type": "Plain"}