{"iterations": 1256, "colsample_bylevel": 0.13972351147317655, "depth": 8, "bootstrap_type": "MVS", "l2_leaf_reg": 6.446291993378921, "subsample": 0.7419687042057698, "scale_pos_weight": 0.4927418580798812, "random_strength": 0.9336186575859631, "learning_rate": 0.019444305287352793, "min_data_in_leaf": 6, "cat_features": ["employee_count_nm", "most_time_of_day__agg_user", "most_season_of_year__agg_user"], "boosting_type": "Plain"}