{"iterations": 1904, "colsample_bylevel": 0.12022746835871048, "depth": 6, "bootstrap_type": "Bernoulli", "l2_leaf_reg": 5.15105979302847, "subsample": 0.8631879193121137, "scale_pos_weight": 0.6224649490080699, "random_strength": 1.6880278729276497, "learning_rate": 0.01483651460889899, "min_data_in_leaf": 3, "cat_features": ["employee_count_nm", "most_time_of_day__agg_user", "most_season_of_year__agg_user"], "boosting_type": "Plain"}