{"iterations": 1822, "colsample_bylevel": 0.0524582679412563, "depth": 7, "bootstrap_type": "MVS", "l2_leaf_reg": 6.067086481944429, "subsample": 0.8599521279674426, "scale_pos_weight": 0.10528261442275205, "random_strength": 0.8161629139646046, "learning_rate": 0.021263147033479382, "min_data_in_leaf": 9, "cat_features": ["employee_count_nm", "most_time_of_day__agg_user", "most_season_of_year__agg_user"], "boosting_type": "Plain"}