{"iterations": 1418, "colsample_bylevel": 0.078050262839757, "depth": 8, "bootstrap_type": "MVS", "l2_leaf_reg": 5.174398366443671, "subsample": 0.8726309775409596, "scale_pos_weight": 1.4365459477256264, "random_strength": 1.0376354716615739, "learning_rate": 0.01394029457099812, "min_data_in_leaf": 7, "cat_features": ["employee_count_nm", "most_time_of_day__agg_user", "most_season_of_year__agg_user"], "boosting_type": "Plain"}