{"iterations": 1340, "colsample_bylevel": 0.06361735908151081, "depth": 6, "bootstrap_type": "Bernoulli", "l2_leaf_reg": 4.787066560860142, "subsample": 0.9572640879854939, "scale_pos_weight": 0.7068481050499935, "random_strength": 1.4462383738537157, "learning_rate": 0.012907159263241595, "min_data_in_leaf": 7, "cat_features": ["employee_count_nm", "most_time_of_day__agg_user", "most_season_of_year__agg_user"], "boosting_type": "Plain"}