{"iterations": 1934, "colsample_bylevel": 0.14295976729503215, "depth": 7, "bootstrap_type": "MVS", "l2_leaf_reg": 1.2481476718251305, "subsample": 0.9722474762840396, "scale_pos_weight": 0.3428010217748852, "random_strength": 1.418399225832122, "learning_rate": 0.021386561307859195, "min_data_in_leaf": 1, "cat_features": ["employee_count_nm", "most_time_of_day__agg_user", "most_season_of_year__agg_user"], "boosting_type": "Plain"}