{"n_estimators": 736, "learning_rate": 0.010596704992482326, "gamma": 0.08935671525272854, "subsample": 0.729595155213907, "colsample_bytree": 0.5794884975776035, "max_depth": 21, "min_child_weight": 94, "reg_lambda": 0.0014833179672631403, "reg_alpha": 1.2678120313678587e-09, "booster": "gbtree", "grow_policy": "depthwise", "objective": "binary:logistic", "tree_method": "hist", "device": "cuda", "verbosity": 0}