{"n_estimators": 742, "learning_rate": 0.01167163077187354, "gamma": 0.461250817551969, "subsample": 0.7930625663808353, "colsample_bytree": 0.9331617058462893, "max_depth": 6, "min_child_weight": 3, "reg_lambda": 0.027486950836903636, "reg_alpha": 1.859654985959253e-05, "booster": "gbtree", "grow_policy": "depthwise", "objective": "binary:logistic", "tree_method": "hist", "device": "cuda", "verbosity": 0}