{"n_estimators": 733, "learning_rate": 0.012367095261720801, "gamma": 0.2464777599928171, "subsample": 0.7583174463590422, "colsample_bytree": 0.5167603590408056, "max_depth": 28, "min_child_weight": 90, "reg_lambda": 63.679265080785214, "reg_alpha": 3.2648703536645443e-09, "booster": "gbtree", "grow_policy": "depthwise", "objective": "binary:logistic", "tree_method": "hist", "device": "cuda", "verbosity": 0}