{"n_estimators": 756, "learning_rate": 0.012535490274705213, "gamma": 0.26540638049586607, "subsample": 0.7677320980263803, "colsample_bytree": 0.8544252009899417, "max_depth": 5, "min_child_weight": 27, "reg_lambda": 0.0001490965960792019, "reg_alpha": 2.015055937926899e-08, "booster": "gbtree", "grow_policy": "depthwise", "objective": "binary:logistic", "tree_method": "hist", "device": "cuda", "verbosity": 0}