{"n_estimators": 623, "learning_rate": 0.010003225529695637, "gamma": 0.17220329647359747, "subsample": 0.8243104963795931, "colsample_bytree": 0.7383773193569038, "max_depth": 7, "min_child_weight": 19, "reg_lambda": 0.0002881910495892379, "reg_alpha": 6.711193265127921e-06, "booster": "gbtree", "grow_policy": "depthwise", "objective": "binary:logistic", "tree_method": "hist", "device": "cuda", "verbosity": 0}