{"n_estimators": 723, "learning_rate": 0.010611624544972569, "gamma": 0.39717066301563647, "subsample": 0.5750903028417591, "colsample_bytree": 0.9146799803819622, "max_depth": 10, "min_child_weight": 70, "reg_lambda": 1.4822927486022148, "reg_alpha": 9.22576739324039e-09, "booster": "gbtree", "grow_policy": "depthwise", "objective": "binary:logistic", "tree_method": "hist", "device": "cuda", "verbosity": 0}