{"n_estimators": 693, "learning_rate": 0.011865141674542463, "gamma": 0.34863271365397, "subsample": 0.6160037639081447, "colsample_bytree": 0.7754247578132641, "max_depth": 9, "min_child_weight": 55, "reg_lambda": 19.989506619468795, "reg_alpha": 6.394065098620172e-08, "booster": "gbtree", "grow_policy": "depthwise", "objective": "binary:logistic", "tree_method": "hist", "device": "cuda", "verbosity": 0}