{"iterations": 1868, "colsample_bylevel": 0.09129306235739947, "depth": 8, "bootstrap_type": "Bernoulli", "l2_leaf_reg": 4.824444180046867, "subsample": 0.6830663196625929, "scale_pos_weight": 0.6771106314182298, "random_strength": 1.1902235753383072, "learning_rate": 0.024939664452549727, "min_data_in_leaf": 3, "cat_features": ["most_season_of_year__agg_user", "most_time_of_day__agg_user", "employee_count_nm"]}