{"iterations": 1311, "colsample_bylevel": 0.17551738677583945, "depth": 8, "bootstrap_type": "MVS", "l2_leaf_reg": 4.67550056352784, "subsample": 0.9598936888218437, "scale_pos_weight": 1.8658056002484495, "random_strength": 0.7825708527712321, "learning_rate": 0.01799664439469639, "min_data_in_leaf": 4, "cat_features": ["most_season_of_year__agg_user", "most_time_of_day__agg_user", "employee_count_nm"], "boosting_type": "Plain"}