{"iterations": 1582, "colsample_bylevel": 0.0539994952777691, "depth": 7, "bootstrap_type": "MVS", "l2_leaf_reg": 5.520007203112511, "subsample": 0.5881291485538114, "scale_pos_weight": 0.10780172805153221, "random_strength": 0.17471128604587313, "learning_rate": 0.08394542561551735, "min_data_in_leaf": 9, "cat_features": ["most_season_of_year__agg_user", "most_time_of_day__agg_user", "employee_count_nm"], "boosting_type": "Plain"}