{"iterations": 1686, "colsample_bylevel": 0.05121006576516264, "depth": 7, "bootstrap_type": "MVS", "l2_leaf_reg": 9.493488381702742, "subsample": 0.9193206638386658, "scale_pos_weight": 2.88339175372185, "random_strength": 1.2280684827664923, "learning_rate": 0.012156360604622102, "min_data_in_leaf": 3, "cat_features": ["most_season_of_year__agg_user", "most_time_of_day__agg_user", "employee_count_nm"], "boosting_type": "Plain"}