{"n_estimators": 612, "learning_rate": 0.010782989364623309, "gamma": 0.057931026029600444, "subsample": 0.8630466550021311, "colsample_bytree": 0.4428827911553296, "max_depth": 16, "min_child_weight": 47, "reg_lambda": 0.00000456677416918, "reg_alpha": 0.00004937512254736841, "booster": "gbtree", "grow_policy": "depthwise", "objective": "binary:logistic", "tree_method": "hist", "device": "cuda", "verbosity": 0}