{"n_estimators": 853, "learning_rate": 0.013661226489861992, "gamma": 0.11696969571136726, "subsample": 0.8049967773710163, "colsample_bytree": 0.3339055630223215, "max_depth": 7, "min_child_weight": 20, "reg_lambda": 3.889298224761356e-08, "reg_alpha": 3.2391819292617063e-06, "booster": "gbtree", "grow_policy": "depthwise", "objective": "binary:logistic", "tree_method": "hist", "device": "cuda", "verbosity": 0}