{"n_estimators": 922, "learning_rate": 0.025507599212763642, "gamma": 0.1865581414149164, "subsample": 0.7854537340786112, "colsample_bytree": 0.18369851525898526, "max_depth": 3, "min_child_weight": 47, "reg_lambda": 1.1449260032403026e-08, "reg_alpha": 8.40155861926593e-07, "booster": "gbtree", "grow_policy": "depthwise", "objective": "binary:logistic", "tree_method": "hist", "device": "cuda", "verbosity": 0}