{"n_estimators": 955, "learning_rate": 0.0102295236358994, "gamma": 0.12023113482682993, "subsample": 0.7648289898116127, "colsample_bytree": 0.14129164111226958, "max_depth": 19, "min_child_weight": 63, "reg_lambda": 3.9940671975904127e-07, "reg_alpha": 8.480174695491063e-07, "booster": "gbtree", "grow_policy": "depthwise", "objective": "binary:logistic", "tree_method": "hist", "device": "cuda", "verbosity": 0}