{"n_estimators": 745, "learning_rate": 0.010107163356923585, "gamma": 0.1264925762995308, "subsample": 0.7739876750886237, "colsample_bytree": 0.5179473786776867, "max_depth": 8, "min_child_weight": 26, "reg_lambda": 8.44621455470876e-08, "reg_alpha": 0.2801246418297865, "booster": "gbtree", "grow_policy": "depthwise", "objective": "binary:logistic", "tree_method": "hist", "device": "cuda", "verbosity": 0}